,alff,anatomical_brain,anatomical_reorient,anatomical_to_mni_nonlinear_xfm,ants_affine_xfm,dr,falff,functional_brain_mask,functional_brain_mask_to_standard,functional_freq_filtered,functional_mni,functional_nuisance_residuals,functional_to_anat_linear_xfm,mean_functional,mni_normalized_anatomical,preprocessed,reho
0050642,1,1,1,1,1,1,1,1,1,1,1,1,1,1,1,1,1
0050646,1,1,1,1,1,1,1,1,1,1,1,1,1,1,1,1,1
0050647,1,1,1,1,1,1,1,1,1,1,1,1,1,1,1,1,1
0050649,1,1,1,1,1,1,1,1,1,1,1,1,1,1,1,1,1
0050653,1,1,1,1,1,1,1,1,1,1,1,1,1,1,1,1,1
0050654,1,1,1,1,1,1,1,1,1,1,1,1,1,1,1,1,1
0050656,1,1,1,1,1,1,1,1,1,1,1,1,1,1,1,1,1
0050659,1,1,1,1,1,1,1,1,1,1,1,1,1,1,1,1,1
0050660,1,1,1,1,1,1,1,1,1,1,1,1,1,1,1,1,1
0050663,1,1,1,1,1,1,1,1,1,1,1,1,1,1,1,1,1
0050664,1,1,1,1,1,1,1,1,1,1,1,1,1,1,1,1,1
0050665,1,1,1,1,1,1,1,1,1,1,1,1,1,1,1,1,1
0050666,1,1,1,1,1,1,1,1,1,1,1,1,1,1,1,1,1
0050668,1,1,1,1,1,1,1,1,1,1,1,1,1,1,1,1,1
0050643,1,1,1,1,1,1,1,1,1,1,1,1,1,1,1,1,1
0050644,1,1,1,1,1,1,1,1,1,1,1,1,1,1,1,1,1
0050645,1,1,1,1,1,1,1,1,1,1,1,1,1,1,1,1,1
0050648,1,1,1,1,1,1,1,1,1,1,1,1,1,1,1,1,1
0050650,1,1,1,1,1,1,1,1,1,1,1,1,1,1,1,1,1
0050651,1,1,1,1,1,1,1,1,1,1,1,1,1,1,1,1,1
0050652,1,1,1,1,1,1,1,1,1,1,1,1,1,1,1,1,1
0050655,1,1,1,1,1,1,1,1,1,1,1,1,1,1,1,1,1
0050657,1,1,1,1,1,1,1,1,1,1,1,1,1,1,1,1,1
0050658,1,1,1,1,1,1,1,1,1,1,1,1,1,1,1,1,1
0050661,1,1,1,1,1,1,1,1,1,1,1,1,1,1,1,1,1
0050669,1,1,1,1,1,1,1,1,1,1,1,1,1,1,1,1,1
0050667,1,1,1,1,1,1,1,1,1,1,1,1,1,1,1,1,1
0051456,1,1,1,1,1,1,1,1,1,1,1,1,1,1,1,1,1
0051457,1,1,1,1,1,1,1,1,1,1,1,1,1,1,1,1,1
0051458,1,1,1,1,1,1,1,1,1,1,1,1,1,1,1,1,1
0051459,1,1,1,1,1,1,1,1,1,1,1,1,1,1,1,1,1
0051460,1,1,1,1,1,1,1,1,1,1,1,1,1,1,1,1,1
0051461,1,1,1,1,1,1,1,1,1,1,1,1,1,1,1,1,1
0051462,1,1,1,1,1,1,1,1,1,1,1,1,1,1,1,1,1
0051463,1,1,1,1,1,1,1,1,1,1,1,1,1,1,1,1,1
0051464,1,1,1,1,1,1,1,1,1,1,1,1,1,1,1,1,1
0051465,1,1,1,1,1,1,1,1,1,1,1,1,1,1,1,1,1
0051466,1,1,1,1,1,1,1,1,1,1,1,1,1,1,1,1,1
0051467,1,1,1,1,1,1,1,1,1,1,1,1,1,1,1,1,1
0051468,1,1,1,1,1,1,1,1,1,1,1,1,1,1,1,1,1
0051469,1,1,1,1,1,1,1,1,1,1,1,1,1,1,1,1,1
0051470,1,1,1,1,1,1,1,1,1,1,1,1,1,1,1,1,1
0051471,1,1,1,1,1,1,1,1,1,1,1,1,1,1,1,1,1
0051472,1,1,1,1,1,1,1,1,1,1,1,1,1,1,1,1,1
0051473,1,1,1,1,1,1,1,1,1,1,1,1,1,1,1,1,1
0051474,1,1,1,1,1,1,1,1,1,1,1,1,1,1,1,1,1
0051475,1,1,1,1,1,1,1,1,1,1,1,1,1,1,1,1,1
0051476,1,1,1,1,1,1,1,1,1,1,1,1,1,1,1,1,1
0051477,1,1,1,1,1,1,1,1,1,1,1,1,1,1,1,1,1
0051478,1,1,1,1,1,1,1,1,1,1,1,1,1,1,1,1,1
0051479,1,1,1,1,1,1,1,1,1,1,1,1,1,1,1,1,1
0051480,1,1,1,1,1,1,1,1,1,1,1,1,1,1,1,1,1
0051481,1,1,1,1,1,1,1,1,1,1,1,1,1,1,1,1,1
0051482,1,1,1,1,1,1,1,1,1,1,1,1,1,1,1,1,1
0051483,1,1,1,1,1,1,1,1,1,1,1,1,1,1,1,1,1
0051484,1,1,1,1,1,1,1,1,1,1,1,1,1,1,1,1,1
0051485,1,1,1,1,1,1,1,1,1,1,1,1,1,1,1,1,1
0051486,1,1,1,1,1,1,1,1,1,1,1,1,1,1,1,1,1
0051487,1,1,1,1,1,1,1,1,1,1,1,1,1,1,1,1,1
0051488,1,1,1,1,1,1,1,1,1,1,1,1,1,1,1,1,1
0051489,1,1,1,1,1,1,1,1,1,1,1,1,1,1,1,1,1
0051490,1,1,1,1,1,1,1,1,1,1,1,1,1,1,1,1,1
0051491,1,1,1,1,1,1,1,1,1,1,1,1,1,1,1,1,1
0051492,1,1,1,1,1,1,1,1,1,1,1,1,1,1,1,1,1
0051493,1,1,1,1,1,1,1,1,1,1,1,1,1,1,1,1,1
0050772,1,1,1,1,1,1,1,1,1,1,1,1,1,1,1,1,1
0050773,1,1,1,1,1,1,1,1,1,1,1,1,1,1,1,1,1
0050774,1,1,1,1,1,1,1,1,1,1,1,1,1,1,1,1,1
0050775,1,1,1,1,1,1,1,1,1,1,1,1,1,1,1,1,1
0050776,1,1,1,1,1,1,1,1,1,1,1,1,1,1,1,1,1
0050777,1,1,1,1,1,1,1,1,1,1,1,1,1,1,1,1,1
0050778,1,1,1,1,1,1,1,1,1,1,1,1,1,1,1,1,1
0050779,1,1,1,1,1,1,1,1,1,1,1,1,1,1,1,1,1
0050780,1,1,1,1,1,1,1,1,1,1,1,1,1,1,1,1,1
0050781,1,1,1,1,1,1,1,1,1,1,1,1,1,1,1,1,1
0050782,1,1,1,1,1,1,1,1,1,1,1,1,1,1,1,1,1
0050783,1,1,1,1,1,1,1,1,1,1,1,1,1,1,1,1,1
0050784,1,1,1,1,1,1,1,1,1,1,1,1,1,1,1,1,1
0050785,1,1,1,1,1,1,1,1,1,1,1,1,1,1,1,1,1
0050786,1,1,1,1,1,1,1,1,1,1,1,1,1,1,1,1,1
0050787,1,1,1,1,1,1,1,1,1,1,1,1,1,1,1,1,1
0050788,1,1,1,1,1,1,1,1,1,1,1,1,1,1,1,1,1
0050789,1,1,1,1,1,1,1,1,1,1,1,1,1,1,1,1,1
0050790,1,1,1,1,1,1,1,1,1,1,1,1,1,1,1,1,1
0050791,1,1,1,1,1,1,1,1,1,1,1,1,1,1,1,1,1
0050792,1,1,1,1,1,1,1,1,1,1,1,1,1,1,1,1,1
0050793,1,1,1,1,1,1,1,1,1,1,1,1,1,1,1,1,1
0050794,1,1,1,1,1,1,1,1,1,1,1,1,1,1,1,1,1
0050795,1,1,1,1,1,1,1,1,1,1,1,1,1,1,1,1,1
0050796,1,1,1,1,1,1,1,1,1,1,1,1,1,1,1,1,1
0050797,1,1,1,1,1,1,1,1,1,1,1,1,1,1,1,1,1
0050798,1,1,1,1,1,1,1,1,1,1,1,1,1,1,1,1,1
0050799,1,1,1,1,1,1,1,1,1,1,1,1,1,1,1,1,1
0050800,1,1,1,1,1,1,1,1,1,1,1,1,1,1,1,1,1
0050801,1,1,1,1,1,1,1,1,1,1,1,1,1,1,1,1,1
0050802,1,1,1,1,1,1,1,1,1,1,1,1,1,1,1,1,1
0050803,1,1,1,1,1,1,1,1,1,1,1,1,1,1,1,1,1
0050804,1,1,1,1,1,1,1,1,1,1,1,1,1,1,1,1,1
0050805,1,1,1,1,1,1,1,1,1,1,1,1,1,1,1,1,1
0050806,1,1,1,1,1,1,1,1,1,1,1,1,1,1,1,1,1
0050807,1,1,1,1,1,1,1,1,1,1,1,1,1,1,1,1,1
0050808,1,1,1,1,1,1,1,1,1,1,1,1,1,1,1,1,1
0050809,1,1,1,1,1,1,1,1,1,1,1,1,1,1,1,1,1
0050810,1,1,1,1,1,1,1,1,1,1,1,1,1,1,1,1,1
0050811,1,1,1,1,1,1,1,1,1,1,1,1,1,1,1,1,1
0050812,1,1,1,1,1,1,1,1,1,1,1,1,1,1,1,1,1
0050813,1,1,1,1,1,1,1,1,1,1,1,1,1,1,1,1,1
0050814,1,1,1,1,1,1,1,1,1,1,1,1,1,1,1,1,1
0050815,1,1,1,1,1,1,1,1,1,1,1,1,1,1,1,1,1
0050816,1,1,1,1,1,1,1,1,1,1,1,1,1,1,1,1,1
0050817,1,1,1,1,1,1,1,1,1,1,1,1,1,1,1,1,1
0050818,1,1,1,1,1,1,1,1,1,1,1,1,1,1,1,1,1
0050819,1,1,1,1,1,1,1,1,1,1,1,1,1,1,1,1,1
0050820,1,1,1,1,1,1,1,1,1,1,1,1,1,1,1,1,1
0050821,1,1,1,1,1,1,1,1,1,1,1,1,1,1,1,1,1
0050822,1,1,1,1,1,1,1,1,1,1,1,1,1,1,1,1,1
0050823,1,1,1,1,1,1,1,1,1,1,1,1,1,1,1,1,1
0050824,1,1,1,1,1,1,1,1,1,1,1,1,1,1,1,1,1
0050825,1,1,1,1,1,1,1,1,1,1,1,1,1,1,1,1,1
0050826,1,1,1,1,1,1,1,1,1,1,1,1,1,1,1,1,1
0050682,1,1,1,1,1,1,1,1,1,1,1,1,1,1,1,1,1
0050683,1,1,1,1,1,1,1,1,1,1,1,1,1,1,1,1,1
0050685,1,1,1,1,1,1,1,1,1,1,1,1,1,1,1,1,1
0050686,1,1,1,1,1,1,1,1,1,1,1,1,1,1,1,1,1
0050687,1,1,1,1,1,1,1,1,1,1,1,1,1,1,1,1,1
0050688,1,1,1,1,1,1,1,1,1,1,1,1,1,1,1,1,1
0050689,1,1,1,1,1,1,1,1,1,1,1,1,1,1,1,1,1
0050690,1,1,1,1,1,1,1,1,1,1,1,1,1,1,1,1,1
0050691,1,1,1,1,1,1,1,1,1,1,1,1,1,1,1,1,1
0050692,1,1,1,1,1,1,1,1,1,1,1,1,1,1,1,1,1
0050693,1,1,1,1,1,1,1,1,1,1,1,1,1,1,1,1,1
0050694,1,1,1,1,1,1,1,1,1,1,1,1,1,1,1,1,1
0050695,1,1,1,1,1,1,1,1,1,1,1,1,1,1,1,1,1
0050696,1,1,1,1,1,1,1,1,1,1,1,1,1,1,1,1,1
0050697,1,1,1,1,1,1,1,1,1,1,1,1,1,1,1,1,1
0050698,1,1,1,1,1,1,1,1,1,1,1,1,1,1,1,1,1
0050699,1,1,1,1,1,1,1,1,1,1,1,1,1,1,1,1,1
0050700,1,1,1,1,1,1,1,1,1,1,1,1,1,1,1,1,1
0050701,1,1,1,1,1,1,1,1,1,1,1,1,1,1,1,1,1
0050702,1,1,1,1,1,1,1,1,1,1,1,1,1,1,1,1,1
0050703,1,1,1,1,1,1,1,1,1,1,1,1,1,1,1,1,1
0050704,1,1,1,1,1,1,1,1,1,1,1,1,1,1,1,1,1
0050705,1,1,1,1,1,1,1,1,1,1,1,1,1,1,1,1,1
0050706,1,1,1,1,1,1,1,1,1,1,1,1,1,1,1,1,1
0050707,1,1,1,1,1,1,1,1,1,1,1,1,1,1,1,1,1
0050708,1,1,1,1,1,1,1,1,1,1,1,1,1,1,1,1,1
0050709,1,1,1,1,1,1,1,1,1,1,1,1,1,1,1,1,1
0050710,1,1,1,1,1,1,1,1,1,1,1,1,1,1,1,1,1
0050711,1,1,1,1,1,1,1,1,1,1,1,1,1,1,1,1,1
0050722,1,1,1,1,1,1,1,1,1,1,1,1,1,1,1,1,1
0050723,1,1,1,1,1,1,1,1,1,1,1,1,1,1,1,1,1
0050724,1,1,1,1,1,1,1,1,1,1,1,1,1,1,1,1,1
0050725,1,1,1,1,1,1,1,1,1,1,1,1,1,1,1,1,1
0050726,1,1,1,1,1,1,1,1,1,1,1,1,1,1,1,1,1
0050727,1,1,1,1,1,1,1,1,1,1,1,1,1,1,1,1,1
0050728,1,1,1,1,1,1,1,1,1,1,1,1,1,1,1,1,1
0050730,1,1,1,1,1,1,1,1,1,1,1,1,1,1,1,1,1
0050731,1,1,1,1,1,1,1,1,1,1,1,1,1,1,1,1,1
0050732,1,1,1,1,1,1,1,1,1,1,1,1,1,1,1,1,1
0050733,1,1,1,1,1,1,1,1,1,1,1,1,1,1,1,1,1
0050734,1,1,1,1,1,1,1,1,1,1,1,1,1,1,1,1,1
0050735,1,1,1,1,1,1,1,1,1,1,1,1,1,1,1,1,1
0050736,1,1,1,1,1,1,1,1,1,1,1,1,1,1,1,1,1
0050737,1,1,1,1,1,1,1,1,1,1,1,1,1,1,1,1,1
0050738,1,1,1,1,1,1,1,1,1,1,1,1,1,1,1,1,1
0050739,1,1,1,1,1,1,1,1,1,1,1,1,1,1,1,1,1
0050740,1,1,1,1,1,1,1,1,1,1,1,1,1,1,1,1,1
0050741,1,1,1,1,1,1,1,1,1,1,1,1,1,1,1,1,1
0050742,1,1,1,1,1,1,1,1,1,1,1,1,1,1,1,1,1
0050743,1,1,1,1,1,1,1,1,1,1,1,1,1,1,1,1,1
0050744,1,1,1,1,1,1,1,1,1,1,1,1,1,1,1,1,1
0050745,1,1,1,1,1,1,1,1,1,1,1,1,1,1,1,1,1
0050746,1,1,1,1,1,1,1,1,1,1,1,1,1,1,1,1,1
0050747,1,1,1,1,1,1,1,1,1,1,1,1,1,1,1,1,1
0050748,1,1,1,1,1,1,1,1,1,1,1,1,1,1,1,1,1
0050749,1,1,1,1,1,1,1,1,1,1,1,1,1,1,1,1,1
0050750,1,1,1,1,1,1,1,1,1,1,1,1,1,1,1,1,1
0050751,1,1,1,1,1,1,1,1,1,1,1,1,1,1,1,1,1
0050752,1,1,1,1,1,1,1,1,1,1,1,1,1,1,1,1,1
0050753,1,1,1,1,1,1,1,1,1,1,1,1,1,1,1,1,1
0050754,1,1,1,1,1,1,1,1,1,1,1,1,1,1,1,1,1
0050755,1,1,1,1,1,1,1,1,1,1,1,1,1,1,1,1,1
0050756,1,1,1,1,1,1,1,1,1,1,1,1,1,1,1,1,1
0050757,1,1,1,1,1,1,1,1,1,1,1,1,1,1,1,1,1
0051319,1,1,1,1,1,1,1,1,1,1,1,1,1,1,1,1,1
0051320,1,1,1,1,1,1,1,1,1,1,1,1,1,1,1,1,1
0051321,1,1,1,1,1,1,1,1,1,1,1,1,1,1,1,1,1
0051362,1,1,1,1,1,1,1,1,1,1,1,1,1,1,1,1,1
0051363,1,1,1,1,1,1,1,1,1,1,1,1,1,1,1,1,1
0051364,1,1,1,1,1,1,1,1,1,1,1,1,1,1,1,1,1
0051365,1,1,1,1,1,1,1,1,1,1,1,1,1,1,1,1,1
0051366,1,1,1,1,1,1,1,1,1,1,1,1,1,1,1,1,1
0051367,1,1,1,1,1,1,1,1,1,1,1,1,1,1,1,1,1
0051368,1,1,1,1,1,1,1,1,1,1,1,1,1,1,1,1,1
0051369,1,1,1,1,1,1,1,1,1,1,1,1,1,1,1,1,1
0051370,1,1,1,1,1,1,1,1,1,1,1,1,1,1,1,1,1
0051371,1,1,1,1,1,1,1,1,1,1,1,1,1,1,1,1,1
0051372,1,1,1,1,1,1,1,1,1,1,1,1,1,1,1,1,1
0051373,1,1,1,1,1,1,1,1,1,1,1,1,1,1,1,1,1
0051318,1,1,1,1,1,1,1,1,1,1,1,1,1,1,1,1,1
0051606,1,1,1,1,1,1,1,1,1,1,1,1,1,1,1,1,1
0051607,1,1,1,1,1,1,1,1,1,1,1,1,1,1,1,1,1
0051322,1,1,1,1,1,1,1,1,1,1,1,1,1,1,1,1,1
0051323,1,1,1,1,1,1,1,1,1,1,1,1,1,1,1,1,1
0051324,1,1,1,1,1,1,1,1,1,1,1,1,1,1,1,1,1
0051325,1,1,1,1,1,1,1,1,1,1,1,1,1,1,1,1,1
0051326,1,1,1,1,1,1,1,1,1,1,1,1,1,1,1,1,1
0051327,1,1,1,1,1,1,1,1,1,1,1,1,1,1,1,1,1
0051328,1,1,1,1,1,1,1,1,1,1,1,1,1,1,1,1,1
0051332,1,1,1,1,1,1,1,1,1,1,1,1,1,1,1,1,1
0051333,1,1,1,1,1,1,1,1,1,1,1,1,1,1,1,1,1
0051334,1,1,1,1,1,1,1,1,1,1,1,1,1,1,1,1,1
0051335,1,1,1,1,1,1,1,1,1,1,1,1,1,1,1,1,1
0051336,1,1,1,1,1,1,1,1,1,1,1,1,1,1,1,1,1
0051338,1,1,1,1,1,1,1,1,1,1,1,1,1,1,1,1,1
0051339,1,1,1,1,1,1,1,1,1,1,1,1,1,1,1,1,1
0051340,1,1,1,1,1,1,1,1,1,1,1,1,1,1,1,1,1
0051341,1,1,1,1,1,1,1,1,1,1,1,1,1,1,1,1,1
0051342,1,1,1,1,1,1,1,1,1,1,1,1,1,1,1,1,1
0051343,1,1,1,1,1,1,1,1,1,1,1,1,1,1,1,1,1
0051344,1,1,1,1,1,1,1,1,1,1,1,1,1,1,1,1,1
0051345,1,1,1,1,1,1,1,1,1,1,1,1,1,1,1,1,1
0051346,1,1,1,1,1,1,1,1,1,1,1,1,1,1,1,1,1
0051347,1,1,1,1,1,1,1,1,1,1,1,1,1,1,1,1,1
0051348,1,1,1,1,1,1,1,1,1,1,1,1,1,1,1,1,1
0051329,1,1,1,1,1,1,1,1,1,1,1,1,1,1,1,1,1
0051330,1,1,1,1,1,1,1,1,1,1,1,1,1,1,1,1,1
0051331,1,1,1,1,1,1,1,1,1,1,1,1,1,1,1,1,1
0051349,1,1,1,1,1,1,1,1,1,1,1,1,1,1,1,1,1
0051350,1,1,1,1,1,1,1,1,1,1,1,1,1,1,1,1,1
0051351,1,1,1,1,1,1,1,1,1,1,1,1,1,1,1,1,1
0051352,1,1,1,1,1,1,1,1,1,1,1,1,1,1,1,1,1
0051353,1,1,1,1,1,1,1,1,1,1,1,1,1,1,1,1,1
0051354,1,1,1,1,1,1,1,1,1,1,1,1,1,1,1,1,1
0051355,1,1,1,1,1,1,1,1,1,1,1,1,1,1,1,1,1
0051356,1,1,1,1,1,1,1,1,1,1,1,1,1,1,1,1,1
0051357,1,1,1,1,1,1,1,1,1,1,1,1,1,1,1,1,1
0051358,1,1,1,1,1,1,1,1,1,1,1,1,1,1,1,1,1
0051359,1,1,1,1,1,1,1,1,1,1,1,1,1,1,1,1,1
0051360,1,1,1,1,1,1,1,1,1,1,1,1,1,1,1,1,1
0051361,1,1,1,1,1,1,1,1,1,1,1,1,1,1,1,1,1
0050952,1,1,1,1,1,1,1,1,1,1,1,1,1,1,1,1,1
0050953,1,1,1,1,1,1,1,1,1,1,1,1,1,1,1,1,1
0050954,1,1,1,1,1,1,1,1,1,1,1,1,1,1,1,1,1
0050955,1,1,1,1,1,1,1,1,1,1,1,1,1,1,1,1,1
0050956,1,1,1,1,1,1,1,1,1,1,1,1,1,1,1,1,1
0050957,1,1,1,1,1,1,1,1,1,1,1,1,1,1,1,1,1
0050958,1,1,1,1,1,1,1,1,1,1,1,1,1,1,1,1,1
0050959,1,1,1,1,1,1,1,1,1,1,1,1,1,1,1,1,1
0050960,1,1,1,1,1,1,1,1,1,1,1,1,1,1,1,1,1
0050961,1,1,1,1,1,1,1,1,1,1,1,1,1,1,1,1,1
0050962,1,1,1,1,1,1,1,1,1,1,1,1,1,1,1,1,1
0050964,1,1,1,1,1,1,1,1,1,1,1,1,1,1,1,1,1
0050965,1,1,1,1,1,1,1,1,1,1,1,1,1,1,1,1,1
0050966,1,1,1,1,1,1,1,1,1,1,1,1,1,1,1,1,1
0050967,1,1,1,1,1,1,1,1,1,1,1,1,1,1,1,1,1
0050968,1,1,1,1,1,1,1,1,1,1,1,1,1,1,1,1,1
0050969,1,1,1,1,1,1,1,1,1,1,1,1,1,1,1,1,1
0050970,1,1,1,1,1,1,1,1,1,1,1,1,1,1,1,1,1
0050971,1,1,1,1,1,1,1,1,1,1,1,1,1,1,1,1,1
0050972,1,1,1,1,1,1,1,1,1,1,1,1,1,1,1,1,1
0050973,1,1,1,1,1,1,1,1,1,1,1,1,1,1,1,1,1
0050974,1,1,1,1,1,1,1,1,1,1,1,1,1,1,1,1,1
0050975,1,1,1,1,1,1,1,1,1,1,1,1,1,1,1,1,1
0050976,1,1,1,1,1,1,1,1,1,1,1,1,1,1,1,1,1
0050977,1,1,1,1,1,1,1,1,1,1,1,1,1,1,1,1,1
0050978,1,1,1,1,1,1,1,1,1,1,1,1,1,1,1,1,1
0050979,1,1,1,1,1,1,1,1,1,1,1,1,1,1,1,1,1
0050980,1,1,1,1,1,1,1,1,1,1,1,1,1,1,1,1,1
0050981,1,1,1,1,1,1,1,1,1,1,1,1,1,1,1,1,1
0050982,1,1,1,1,1,1,1,1,1,1,1,1,1,1,1,1,1
0050983,1,1,1,1,1,1,1,1,1,1,1,1,1,1,1,1,1
0050984,1,1,1,1,1,1,1,1,1,1,1,1,1,1,1,1,1
0050985,1,1,1,1,1,1,1,1,1,1,1,1,1,1,1,1,1
0050986,1,1,1,1,1,1,1,1,1,1,1,1,1,1,1,1,1
0050987,1,1,1,1,1,1,1,1,1,1,1,1,1,1,1,1,1
0050988,1,1,1,1,1,1,1,1,1,1,1,1,1,1,1,1,1
0050989,1,1,1,1,1,1,1,1,1,1,1,1,1,1,1,1,1
0050990,1,1,1,1,1,1,1,1,1,1,1,1,1,1,1,1,1
0050991,1,1,1,1,1,1,1,1,1,1,1,1,1,1,1,1,1
0050992,1,1,1,1,1,1,1,1,1,1,1,1,1,1,1,1,1
0050993,1,1,1,1,1,1,1,1,1,1,1,1,1,1,1,1,1
0050994,1,1,1,1,1,1,1,1,1,1,1,1,1,1,1,1,1
0050995,1,1,1,1,1,1,1,1,1,1,1,1,1,1,1,1,1
0050996,1,1,1,1,1,1,1,1,1,1,1,1,1,1,1,1,1
0050997,1,1,1,1,1,1,1,1,1,1,1,1,1,1,1,1,1
0050998,1,1,1,1,1,1,1,1,1,1,1,1,1,1,1,1,1
0050999,1,1,1,1,1,1,1,1,1,1,1,1,1,1,1,1,1
0051000,1,1,1,1,1,1,1,1,1,1,1,1,1,1,1,1,1
0051001,1,1,1,1,1,1,1,1,1,1,1,1,1,1,1,1,1
0051002,1,1,1,1,1,1,1,1,1,1,1,1,1,1,1,1,1
0051003,1,1,1,1,1,1,1,1,1,1,1,1,1,1,1,1,1
0051006,1,1,1,1,1,1,1,1,1,1,1,1,1,1,1,1,1
0051007,1,1,1,1,1,1,1,1,1,1,1,1,1,1,1,1,1
0051008,1,1,1,1,1,1,1,1,1,1,1,1,1,1,1,1,1
0051009,1,1,1,1,1,1,1,1,1,1,1,1,1,1,1,1,1
0051010,1,1,1,1,1,1,1,1,1,1,1,1,1,1,1,1,1
0051011,1,1,1,1,1,1,1,1,1,1,1,1,1,1,1,1,1
0051012,1,1,1,1,1,1,1,1,1,1,1,1,1,1,1,1,1
0051013,1,1,1,1,1,1,1,1,1,1,1,1,1,1,1,1,1
0051014,1,1,1,1,1,1,1,1,1,1,1,1,1,1,1,1,1
0051015,1,1,1,1,1,1,1,1,1,1,1,1,1,1,1,1,1
0051016,1,1,1,1,1,1,1,1,1,1,1,1,1,1,1,1,1
0051017,1,1,1,1,1,1,1,1,1,1,1,1,1,1,1,1,1
0051018,1,1,1,1,1,1,1,1,1,1,1,1,1,1,1,1,1
0051019,1,1,1,1,1,1,1,1,1,1,1,1,1,1,1,1,1
0051020,1,1,1,1,1,1,1,1,1,1,1,1,1,1,1,1,1
0051021,1,1,1,1,1,1,1,1,1,1,1,1,1,1,1,1,1
0051023,1,1,1,1,1,1,1,1,1,1,1,1,1,1,1,1,1
0051024,1,1,1,1,1,1,1,1,1,1,1,1,1,1,1,1,1
0051025,1,1,1,1,1,1,1,1,1,1,1,1,1,1,1,1,1
0051026,1,1,1,1,1,1,1,1,1,1,1,1,1,1,1,1,1
0051027,1,1,1,1,1,1,1,1,1,1,1,1,1,1,1,1,1
0051028,1,1,1,1,1,1,1,1,1,1,1,1,1,1,1,1,1
0051029,1,1,1,1,1,1,1,1,1,1,1,1,1,1,1,1,1
0051030,1,1,1,1,1,1,1,1,1,1,1,1,1,1,1,1,1
0051032,1,1,1,1,1,1,1,1,1,1,1,1,1,1,1,1,1
0051033,1,1,1,1,1,1,1,1,1,1,1,1,1,1,1,1,1
0051034,1,1,1,1,1,1,1,1,1,1,1,1,1,1,1,1,1
0051035,1,1,1,1,1,1,1,1,1,1,1,1,1,1,1,1,1
0051036,1,1,1,1,1,1,1,1,1,1,1,1,1,1,1,1,1
0051038,1,1,1,1,1,1,1,1,1,1,1,1,1,1,1,1,1
0051039,1,1,1,1,1,1,1,1,1,1,1,1,1,1,1,1,1
0051040,1,1,1,1,1,1,1,1,1,1,1,1,1,1,1,1,1
0051041,1,1,1,1,1,1,1,1,1,1,1,1,1,1,1,1,1
0051042,1,1,1,1,1,1,1,1,1,1,1,1,1,1,1,1,1
0051044,1,1,1,1,1,1,1,1,1,1,1,1,1,1,1,1,1
0051045,1,1,1,1,1,1,1,1,1,1,1,1,1,1,1,1,1
0051046,1,1,1,1,1,1,1,1,1,1,1,1,1,1,1,1,1
0051047,1,1,1,1,1,1,1,1,1,1,1,1,1,1,1,1,1
0051048,1,1,1,1,1,1,1,1,1,1,1,1,1,1,1,1,1
0051049,1,1,1,1,1,1,1,1,1,1,1,1,1,1,1,1,1
0051050,1,1,1,1,1,1,1,1,1,1,1,1,1,1,1,1,1
0051051,1,1,1,1,1,1,1,1,1,1,1,1,1,1,1,1,1
0051052,1,1,1,1,1,1,1,1,1,1,1,1,1,1,1,1,1
0051053,1,1,1,1,1,1,1,1,1,1,1,1,1,1,1,1,1
0051054,1,1,1,1,1,1,1,1,1,1,1,1,1,1,1,1,1
0051055,1,1,1,1,1,1,1,1,1,1,1,1,1,1,1,1,1
0051056,1,1,1,1,1,1,1,1,1,1,1,1,1,1,1,1,1
0051057,1,1,1,1,1,1,1,1,1,1,1,1,1,1,1,1,1
0051058,1,1,1,1,1,1,1,1,1,1,1,1,1,1,1,1,1
0051059,1,1,1,1,1,1,1,1,1,1,1,1,1,1,1,1,1
0051060,1,1,1,1,1,1,1,1,1,1,1,1,1,1,1,1,1
0051061,1,1,1,1,1,1,1,1,1,1,1,1,1,1,1,1,1
0051062,1,1,1,1,1,1,1,1,1,1,1,1,1,1,1,1,1
0051063,1,1,1,1,1,1,1,1,1,1,1,1,1,1,1,1,1
0051064,1,1,1,1,1,1,1,1,1,1,1,1,1,1,1,1,1
0051065,1,1,1,1,1,1,1,1,1,1,1,1,1,1,1,1,1
0051066,1,1,1,1,1,1,1,1,1,1,1,1,1,1,1,1,1
0051067,1,1,1,1,1,1,1,1,1,1,1,1,1,1,1,1,1
0051068,1,1,1,1,1,1,1,1,1,1,1,1,1,1,1,1,1
0051069,1,1,1,1,1,1,1,1,1,1,1,1,1,1,1,1,1
0051070,1,1,1,1,1,1,1,1,1,1,1,1,1,1,1,1,1
0051071,1,1,1,1,1,1,1,1,1,1,1,1,1,1,1,1,1
0051072,1,1,1,1,1,1,1,1,1,1,1,1,1,1,1,1,1
0051073,1,1,1,1,1,1,1,1,1,1,1,1,1,1,1,1,1
0051074,1,1,1,1,1,1,1,1,1,1,1,1,1,1,1,1,1
0051075,1,1,1,1,1,1,1,1,1,1,1,1,1,1,1,1,1
0051076,1,1,1,1,1,1,1,1,1,1,1,1,1,1,1,1,1
0051077,1,1,1,1,1,1,1,1,1,1,1,1,1,1,1,1,1
0051078,1,1,1,1,1,1,1,1,1,1,1,1,1,1,1,1,1
0051079,1,1,1,1,1,1,1,1,1,1,1,1,1,1,1,1,1
0051080,1,1,1,1,1,1,1,1,1,1,1,1,1,1,1,1,1
0051081,1,1,1,1,1,1,1,1,1,1,1,1,1,1,1,1,1
0051082,1,1,1,1,1,1,1,1,1,1,1,1,1,1,1,1,1
0051083,1,1,1,1,1,1,1,1,1,1,1,1,1,1,1,1,1
0051084,1,1,1,1,1,1,1,1,1,1,1,1,1,1,1,1,1
0051085,1,1,1,1,1,1,1,1,1,1,1,1,1,1,1,1,1
0051086,1,1,1,1,1,1,1,1,1,1,1,1,1,1,1,1,1
0051087,1,1,1,1,1,1,1,1,1,1,1,1,1,1,1,1,1
0051088,1,1,1,1,1,1,1,1,1,1,1,1,1,1,1,1,1
0051089,1,1,1,1,1,1,1,1,1,1,1,1,1,1,1,1,1
0051090,1,1,1,1,1,1,1,1,1,1,1,1,1,1,1,1,1
0051091,1,1,1,1,1,1,1,1,1,1,1,1,1,1,1,1,1
0051093,1,1,1,1,1,1,1,1,1,1,1,1,1,1,1,1,1
0051094,1,1,1,1,1,1,1,1,1,1,1,1,1,1,1,1,1
0051095,1,1,1,1,1,1,1,1,1,1,1,1,1,1,1,1,1
0051096,1,1,1,1,1,1,1,1,1,1,1,1,1,1,1,1,1
0051097,1,1,1,1,1,1,1,1,1,1,1,1,1,1,1,1,1
0051098,1,1,1,1,1,1,1,1,1,1,1,1,1,1,1,1,1
0051099,1,1,1,1,1,1,1,1,1,1,1,1,1,1,1,1,1
0051100,1,1,1,1,1,1,1,1,1,1,1,1,1,1,1,1,1
0051101,1,1,1,1,1,1,1,1,1,1,1,1,1,1,1,1,1
0051102,1,1,1,1,1,1,1,1,1,1,1,1,1,1,1,1,1
0051103,1,1,1,1,1,1,1,1,1,1,1,1,1,1,1,1,1
0051104,1,1,1,1,1,1,1,1,1,1,1,1,1,1,1,1,1
0051105,1,1,1,1,1,1,1,1,1,1,1,1,1,1,1,1,1
0051106,1,1,1,1,1,1,1,1,1,1,1,1,1,1,1,1,1
0051107,1,1,1,1,1,1,1,1,1,1,1,1,1,1,1,1,1
0051108,1,1,1,1,1,1,1,1,1,1,1,1,1,1,1,1,1
0051109,1,1,1,1,1,1,1,1,1,1,1,1,1,1,1,1,1
0051110,1,1,1,1,1,1,1,1,1,1,1,1,1,1,1,1,1
0051111,1,1,1,1,1,1,1,1,1,1,1,1,1,1,1,1,1
0051112,1,1,1,1,1,1,1,1,1,1,1,1,1,1,1,1,1
0051113,1,1,1,1,1,1,1,1,1,1,1,1,1,1,1,1,1
0051114,1,1,1,1,1,1,1,1,1,1,1,1,1,1,1,1,1
0051115,1,1,1,1,1,1,1,1,1,1,1,1,1,1,1,1,1
0051116,1,1,1,1,1,1,1,1,1,1,1,1,1,1,1,1,1
0051117,1,1,1,1,1,1,1,1,1,1,1,1,1,1,1,1,1
0051118,1,1,1,1,1,1,1,1,1,1,1,1,1,1,1,1,1
0051119,1,1,1,1,1,1,1,1,1,1,1,1,1,1,1,1,1
0051120,1,1,1,1,1,1,1,1,1,1,1,1,1,1,1,1,1
0051121,1,1,1,1,1,1,1,1,1,1,1,1,1,1,1,1,1
0051122,1,1,1,1,1,1,1,1,1,1,1,1,1,1,1,1,1
0051123,1,1,1,1,1,1,1,1,1,1,1,1,1,1,1,1,1
0051124,1,1,1,1,1,1,1,1,1,1,1,1,1,1,1,1,1
0051125,1,1,1,1,1,1,1,1,1,1,1,1,1,1,1,1,1
0051126,1,1,1,1,1,1,1,1,1,1,1,1,1,1,1,1,1
0051127,1,1,1,1,1,1,1,1,1,1,1,1,1,1,1,1,1
0051128,1,1,1,1,1,1,1,1,1,1,1,1,1,1,1,1,1
0051129,1,1,1,1,1,1,1,1,1,1,1,1,1,1,1,1,1
0051130,1,1,1,1,1,1,1,1,1,1,1,1,1,1,1,1,1
0051131,1,1,1,1,1,1,1,1,1,1,1,1,1,1,1,1,1
0051146,1,1,1,1,1,1,1,1,1,1,1,1,1,1,1,1,1
0051147,1,1,1,1,1,1,1,1,1,1,1,1,1,1,1,1,1
0051148,1,1,1,1,1,1,1,1,1,1,1,1,1,1,1,1,1
0051149,1,1,1,1,1,1,1,1,1,1,1,1,1,1,1,1,1
0051150,1,1,1,1,1,1,1,1,1,1,1,1,1,1,1,1,1
0051151,1,1,1,1,1,1,1,1,1,1,1,1,1,1,1,1,1
0051152,1,1,1,1,1,1,1,1,1,1,1,1,1,1,1,1,1
0051153,1,1,1,1,1,1,1,1,1,1,1,1,1,1,1,1,1
0051154,1,1,1,1,1,1,1,1,1,1,1,1,1,1,1,1,1
0051155,1,1,1,1,1,1,1,1,1,1,1,1,1,1,1,1,1
0051156,1,1,1,1,1,1,1,1,1,1,1,1,1,1,1,1,1
0051159,1,1,1,1,1,1,1,1,1,1,1,1,1,1,1,1,1
0050142,1,1,1,1,1,1,1,1,1,1,1,1,1,1,1,1,1
0050143,1,1,1,1,1,1,1,1,1,1,1,1,1,1,1,1,1
0050144,1,1,1,1,1,1,1,1,1,1,1,1,1,1,1,1,1
0050145,1,1,1,1,1,1,1,1,1,1,1,1,1,1,1,1,1
0050146,1,1,1,1,1,1,1,1,1,1,1,1,1,1,1,1,1
0050147,1,1,1,1,1,1,1,1,1,1,1,1,1,1,1,1,1
0050148,1,1,1,1,1,1,1,1,1,1,1,1,1,1,1,1,1
0050149,1,1,1,1,1,1,1,1,1,1,1,1,1,1,1,1,1
0050150,1,1,1,1,1,1,1,1,1,1,1,1,1,1,1,1,1
0050152,1,1,1,1,1,1,1,1,1,1,1,1,1,1,1,1,1
0050153,1,1,1,1,1,1,1,1,1,1,1,1,1,1,1,1,1
0050155,0,1,1,1,1,0,0,0,0,0,0,0,0,0,1,0,0
0050156,1,1,1,1,1,1,1,1,1,1,1,1,1,1,1,1,1
0050157,1,1,1,1,1,1,1,1,1,1,1,1,1,1,1,1,1
0050158,1,1,1,1,1,1,1,1,1,1,1,1,1,1,1,1,1
0050159,1,1,1,1,1,1,1,1,1,1,1,1,1,1,1,1,1
0050160,1,1,1,1,1,1,1,1,1,1,1,1,1,1,1,1,1
0050161,1,1,1,1,1,1,1,1,1,1,1,1,1,1,1,1,1
0050162,1,1,1,1,1,1,1,1,1,1,1,1,1,1,1,1,1
0050163,1,1,1,1,1,1,1,1,1,1,1,1,1,1,1,1,1
0050164,1,1,1,1,1,1,1,1,1,1,1,1,1,1,1,1,1
0050165,0,1,1,1,1,0,0,0,0,0,0,0,0,0,1,0,0
0050166,1,1,1,1,1,1,1,1,1,1,1,1,1,1,1,1,1
0050167,1,1,1,1,1,1,1,1,1,1,1,1,1,1,1,1,1
0050168,1,1,1,1,1,1,1,1,1,1,1,1,1,1,1,1,1
0050169,1,1,1,1,1,1,1,1,1,1,1,1,1,1,1,1,1
0050170,1,1,1,1,1,1,1,1,1,1,1,1,1,1,1,1,1
0050171,1,1,1,1,1,1,1,1,1,1,1,1,1,1,1,1,1
0050102,1,1,1,1,1,1,1,1,1,1,1,1,1,1,1,1,1
0050103,1,1,1,1,1,1,1,1,1,1,1,1,1,1,1,1,1
0050104,1,1,1,1,1,1,1,1,1,1,1,1,1,1,1,1,1
0050105,1,1,1,1,1,1,1,1,1,1,1,1,1,1,1,1,1
0050106,1,1,1,1,1,1,1,1,1,1,1,1,1,1,1,1,1
0050107,1,1,1,1,1,1,1,1,1,1,1,1,1,1,1,1,1
0050108,1,1,1,1,1,1,1,1,1,1,1,1,1,1,1,1,1
0050109,1,1,1,1,1,1,1,1,1,1,1,1,1,1,1,1,1
0050110,1,1,1,1,1,1,1,1,1,1,1,1,1,1,1,1,1
0050111,1,1,1,1,1,1,1,1,1,1,1,1,1,1,1,1,1
0050112,1,1,1,1,1,1,1,1,1,1,1,1,1,1,1,1,1
0050113,1,1,1,1,1,1,1,1,1,1,1,1,1,1,1,1,1
0050114,1,1,1,1,1,1,1,1,1,1,1,1,1,1,1,1,1
0050115,1,1,1,1,1,1,1,1,1,1,1,1,1,1,1,1,1
0050116,1,1,1,1,1,1,1,1,1,1,1,1,1,1,1,1,1
0050117,1,1,1,1,1,1,1,1,1,1,1,1,1,1,1,1,1
0050118,1,1,1,1,1,1,1,1,1,1,1,1,1,1,1,1,1
0050119,1,1,1,1,1,1,1,1,1,1,1,1,1,1,1,1,1
0050120,1,1,1,1,1,1,1,1,1,1,1,1,1,1,1,1,1
0050121,1,1,1,1,1,1,1,1,1,1,1,1,1,1,1,1,1
0050122,1,1,1,1,1,1,1,1,1,1,1,1,1,1,1,1,1
0050123,1,1,1,1,1,1,1,1,1,1,1,1,1,1,1,1,1
0050124,1,1,1,1,1,1,1,1,1,1,1,1,1,1,1,1,1
0050125,1,1,1,1,1,1,1,1,1,1,1,1,1,1,1,1,1
0050126,1,1,1,1,1,1,1,1,1,1,1,1,1,1,1,1,1
0050127,1,1,1,1,1,1,1,1,1,1,1,1,1,1,1,1,1
0050128,1,1,1,1,1,1,1,1,1,1,1,1,1,1,1,1,1
0050129,1,1,1,1,1,1,1,1,1,1,1,1,1,1,1,1,1
0050130,1,1,1,1,1,1,1,1,1,1,1,1,1,1,1,1,1
0050131,1,1,1,1,1,1,1,1,1,1,1,1,1,1,1,1,1
0050132,1,1,1,1,1,1,1,1,1,1,1,1,1,1,1,1,1
0050133,1,1,1,1,1,1,1,1,1,1,1,1,1,1,1,1,1
0050134,1,1,1,1,1,1,1,1,1,1,1,1,1,1,1,1,1
0050135,1,1,1,1,1,1,1,1,1,1,1,1,1,1,1,1,1
0050136,1,1,1,1,1,1,1,1,1,1,1,1,1,1,1,1,1
0050137,1,1,1,1,1,1,1,1,1,1,1,1,1,1,1,1,1
0050002,1,1,1,1,1,1,1,1,1,1,1,1,1,1,1,1,1
0050003,1,1,1,1,1,1,1,1,1,1,1,1,1,1,1,1,1
0050004,1,1,1,1,1,1,1,1,1,1,1,1,1,1,1,1,1
0050005,1,1,1,1,1,1,1,1,1,1,1,1,1,1,1,1,1
0050006,1,1,1,1,1,1,1,1,1,1,1,1,1,1,1,1,1
0050007,1,1,1,1,1,1,1,1,1,1,1,1,1,1,1,1,1
0050008,1,1,1,1,1,1,1,1,1,1,1,1,1,1,1,1,1
0050009,1,1,1,1,1,1,1,1,1,1,1,1,1,1,1,1,1
0050010,1,1,1,1,1,1,1,1,1,1,1,1,1,1,1,1,1
0050011,1,1,1,1,1,1,1,1,1,1,1,1,1,1,1,1,1
0050012,1,1,1,1,1,1,1,1,1,1,1,1,1,1,1,1,1
0050013,1,1,1,1,1,1,1,1,1,1,1,1,1,1,1,1,1
0050014,1,1,1,1,1,1,1,1,1,1,1,1,1,1,1,1,1
0050015,1,1,1,1,1,1,1,1,1,1,1,1,1,1,1,1,1
0050016,1,1,1,1,1,1,1,1,1,1,1,1,1,1,1,1,1
0050017,1,1,1,1,1,1,1,1,1,1,1,1,1,1,1,1,1
0050019,1,1,1,1,1,1,1,1,1,1,1,1,1,1,1,1,1
0050020,1,1,1,1,1,1,1,1,1,1,1,1,1,1,1,1,1
0050022,1,1,1,1,1,1,1,1,1,1,1,1,1,1,1,1,1
0050023,1,1,1,1,1,1,1,1,1,1,1,1,1,1,1,1,1
0050024,1,1,1,1,1,1,1,1,1,1,1,1,1,1,1,1,1
0050025,1,1,1,1,1,1,1,1,1,1,1,1,1,1,1,1,1
0050026,1,1,1,1,1,1,1,1,1,1,1,1,1,1,1,1,1
0050027,1,1,1,1,1,1,1,1,1,1,1,1,1,1,1,1,1
0050028,1,1,1,1,1,1,1,1,1,1,1,1,1,1,1,1,1
0050029,1,1,1,1,1,1,1,1,1,1,1,1,1,1,1,1,1
0050030,1,1,1,1,1,1,1,1,1,1,1,1,1,1,1,1,1
0050031,1,1,1,1,1,1,1,1,1,1,1,1,1,1,1,1,1
0050032,1,1,1,1,1,1,1,1,1,1,1,1,1,1,1,1,1
0050033,1,1,1,1,1,1,1,1,1,1,1,1,1,1,1,1,1
0050034,1,1,1,1,1,1,1,1,1,1,1,1,1,1,1,1,1
0050035,1,1,1,1,1,1,1,1,1,1,1,1,1,1,1,1,1
0050036,1,1,1,1,1,1,1,1,1,1,1,1,1,1,1,1,1
0050037,1,1,1,1,1,1,1,1,1,1,1,1,1,1,1,1,1
0050038,1,1,1,1,1,1,1,1,1,1,1,1,1,1,1,1,1
0050039,1,1,1,1,1,1,1,1,1,1,1,1,1,1,1,1,1
0050040,1,1,1,1,1,1,1,1,1,1,1,1,1,1,1,1,1
0050041,1,1,1,1,1,1,1,1,1,1,1,1,1,1,1,1,1
0050042,1,1,1,1,1,1,1,1,1,1,1,1,1,1,1,1,1
0050043,1,1,1,1,1,1,1,1,1,1,1,1,1,1,1,1,1
0050044,1,1,1,1,1,1,1,1,1,1,1,1,1,1,1,1,1
0050045,1,1,1,1,1,1,1,1,1,1,1,1,1,1,1,1,1
0050046,1,1,1,1,1,1,1,1,1,1,1,1,1,1,1,1,1
0050047,1,1,1,1,1,1,1,1,1,1,1,1,1,1,1,1,1
0050048,1,1,1,1,1,1,1,1,1,1,1,1,1,1,1,1,1
0050049,1,1,1,1,1,1,1,1,1,1,1,1,1,1,1,1,1
0050050,1,1,1,1,1,1,1,1,1,1,1,1,1,1,1,1,1
0050051,1,1,1,1,1,1,1,1,1,1,1,1,1,1,1,1,1
0050052,1,1,1,1,1,1,1,1,1,1,1,1,1,1,1,1,1
0050053,1,1,1,1,1,1,1,1,1,1,1,1,1,1,1,1,1
0050054,1,1,1,1,1,1,1,1,1,1,1,1,1,1,1,1,1
0050055,1,1,1,1,1,1,1,1,1,1,1,1,1,1,1,1,1
0050056,1,1,1,1,1,1,1,1,1,1,1,1,1,1,1,1,1
0050057,1,1,1,1,1,1,1,1,1,1,1,1,1,1,1,1,1
0050058,1,1,1,1,1,1,1,1,1,1,1,1,1,1,1,1,1
0050059,1,1,1,1,1,1,1,1,1,1,1,1,1,1,1,1,1
0050060,1,1,1,1,1,1,1,1,1,1,1,1,1,1,1,1,1
0051556,1,1,1,1,1,1,1,1,1,1,1,1,1,1,1,1,1
0051557,1,1,1,1,1,1,1,1,1,1,1,1,1,1,1,1,1
0051558,1,1,1,1,1,1,1,1,1,1,1,1,1,1,1,1,1
0051559,1,1,1,1,1,1,1,1,1,1,1,1,1,1,1,1,1
0051560,1,1,1,1,1,1,1,1,1,1,1,1,1,1,1,1,1
0051561,1,1,1,1,1,1,1,1,1,1,1,1,1,1,1,1,1
0051562,1,1,1,1,1,1,1,1,1,1,1,1,1,1,1,1,1
0051563,1,1,1,1,1,1,1,1,1,1,1,1,1,1,1,1,1
0051564,1,1,1,1,1,1,1,1,1,1,1,1,1,1,1,1,1
0051565,1,1,1,1,1,1,1,1,1,1,1,1,1,1,1,1,1
0051566,1,1,1,1,1,1,1,1,1,1,1,1,1,1,1,1,1
0051567,1,1,1,1,1,1,1,1,1,1,1,1,1,1,1,1,1
0051568,1,1,1,1,1,1,1,1,1,1,1,1,1,1,1,1,1
0051569,1,1,1,1,1,1,1,1,1,1,1,1,1,1,1,1,1
0051570,1,1,1,1,1,1,1,1,1,1,1,1,1,1,1,1,1
0051571,1,1,1,1,1,1,1,1,1,1,1,1,1,1,1,1,1
0051572,1,1,1,1,1,1,1,1,1,1,1,1,1,1,1,1,1
0051573,1,1,1,1,1,1,1,1,1,1,1,1,1,1,1,1,1
0051574,1,1,1,1,1,1,1,1,1,1,1,1,1,1,1,1,1
0051575,1,1,1,1,1,1,1,1,1,1,1,1,1,1,1,1,1
0051576,1,1,1,1,1,1,1,1,1,1,1,1,1,1,1,1,1
0051577,1,1,1,1,1,1,1,1,1,1,1,1,1,1,1,1,1
0051578,1,1,1,1,1,1,1,1,1,1,1,1,1,1,1,1,1
0051579,1,1,1,1,1,1,1,1,1,1,1,1,1,1,1,1,1
0051580,1,1,1,1,1,1,1,1,1,1,1,1,1,1,1,1,1
0051581,1,1,1,1,1,1,1,1,1,1,1,1,1,1,1,1,1
0051582,1,1,1,1,1,1,1,1,1,1,1,1,1,1,1,1,1
0051583,1,1,1,1,1,1,1,1,1,1,1,1,1,1,1,1,1
0051584,1,1,1,1,1,1,1,1,1,1,1,1,1,1,1,1,1
0051585,1,1,1,1,1,1,1,1,1,1,1,1,1,1,1,1,1
0050182,1,1,1,1,1,1,1,1,1,1,1,1,1,1,1,1,1
0050183,1,1,1,1,1,1,1,1,1,1,1,1,1,1,1,1,1
0050184,1,1,1,1,1,1,1,1,1,1,1,1,1,1,1,1,1
0050185,1,1,1,1,1,1,1,1,1,1,1,1,1,1,1,1,1
0050186,1,1,1,1,1,1,1,1,1,1,1,1,1,1,1,1,1
0050187,1,1,1,1,1,1,1,1,1,1,1,1,1,1,1,1,1
0050188,1,1,1,1,1,1,1,1,1,1,1,1,1,1,1,1,1
0050189,1,1,1,1,1,1,1,1,1,1,1,1,1,1,1,1,1
0050190,1,1,1,1,1,1,1,1,1,1,1,1,1,1,1,1,1
0050191,1,1,1,1,1,1,1,1,1,1,1,1,1,1,1,1,1
0050192,1,1,1,1,1,1,1,1,1,1,1,1,1,1,1,1,1
0050193,1,1,1,1,1,1,1,1,1,1,1,1,1,1,1,1,1
0050194,1,1,1,1,1,1,1,1,1,1,1,1,1,1,1,1,1
0050195,1,1,1,1,1,1,1,1,1,1,1,1,1,1,1,1,1
0050196,1,1,1,1,1,1,1,1,1,1,1,1,1,1,1,1,1
0050197,1,1,1,1,1,1,1,1,1,1,1,1,1,1,1,1,1
0050198,1,1,1,1,1,1,1,1,1,1,1,1,1,1,1,1,1
0050199,1,1,1,1,1,1,1,1,1,1,1,1,1,1,1,1,1
0050200,1,1,1,1,1,1,1,1,1,1,1,1,1,1,1,1,1
0050201,1,1,1,1,1,1,1,1,1,1,1,1,1,1,1,1,1
0050202,1,1,1,1,1,1,1,1,1,1,1,1,1,1,1,1,1
0050203,1,1,1,1,1,1,1,1,1,1,1,1,1,1,1,1,1
0050204,1,1,1,1,1,1,1,1,1,1,1,1,1,1,1,1,1
0050205,1,1,1,1,1,1,1,1,1,1,1,1,1,1,1,1,1
0050206,1,1,1,1,1,1,1,1,1,1,1,1,1,1,1,1,1
0050207,1,1,1,1,1,1,1,1,1,1,1,1,1,1,1,1,1
0050208,1,1,1,1,1,1,1,1,1,1,1,1,1,1,1,1,1
0050209,1,1,1,1,1,1,1,1,1,1,1,1,1,1,1,1,1
0050210,1,1,1,1,1,1,1,1,1,1,1,1,1,1,1,1,1
0050211,1,1,1,1,1,1,1,1,1,1,1,1,1,1,1,1,1
0050212,1,1,1,1,1,1,1,1,1,1,1,1,1,1,1,1,1
0050213,1,1,1,1,1,1,1,1,1,1,1,1,1,1,1,1,1
0050214,1,1,1,1,1,1,1,1,1,1,1,1,1,1,1,1,1
0050215,1,1,1,1,1,1,1,1,1,1,1,1,1,1,1,1,1
0050216,1,1,1,1,1,1,1,1,1,1,1,1,1,1,1,1,1
0050217,1,1,1,1,1,1,1,1,1,1,1,1,1,1,1,1,1
0051160,1,1,1,1,1,1,1,1,1,1,1,1,1,1,1,1,1
0051161,1,1,1,1,1,1,1,1,1,1,1,1,1,1,1,1,1
0051162,1,1,1,1,1,1,1,1,1,1,1,1,1,1,1,1,1
0051163,1,1,1,1,1,1,1,1,1,1,1,1,1,1,1,1,1
0051164,1,1,1,1,1,1,1,1,1,1,1,1,1,1,1,1,1
0051165,1,1,1,1,1,1,1,1,1,1,1,1,1,1,1,1,1
0051166,1,1,1,1,1,1,1,1,1,1,1,1,1,1,1,1,1
0051167,1,1,1,1,1,1,1,1,1,1,1,1,1,1,1,1,1
0051168,1,1,1,1,1,1,1,1,1,1,1,1,1,1,1,1,1
0051169,1,1,1,1,1,1,1,1,1,1,1,1,1,1,1,1,1
0051170,1,1,1,1,1,1,1,1,1,1,1,1,1,1,1,1,1
0051171,1,1,1,1,1,1,1,1,1,1,1,1,1,1,1,1,1
0051172,1,1,1,1,1,1,1,1,1,1,1,1,1,1,1,1,1
0051173,1,1,1,1,1,1,1,1,1,1,1,1,1,1,1,1,1
0051174,1,1,1,1,1,1,1,1,1,1,1,1,1,1,1,1,1
0051175,1,1,1,1,1,1,1,1,1,1,1,1,1,1,1,1,1
0051176,1,1,1,1,1,1,1,1,1,1,1,1,1,1,1,1,1
0051177,1,1,1,1,1,1,1,1,1,1,1,1,1,1,1,1,1
0051178,1,1,1,1,1,1,1,1,1,1,1,1,1,1,1,1,1
0051179,1,1,1,1,1,1,1,1,1,1,1,1,1,1,1,1,1
0051180,1,1,1,1,1,1,1,1,1,1,1,1,1,1,1,1,1
0051181,1,1,1,1,1,1,1,1,1,1,1,1,1,1,1,1,1
0051182,1,1,1,1,1,1,1,1,1,1,1,1,1,1,1,1,1
0051183,1,1,1,1,1,1,1,1,1,1,1,1,1,1,1,1,1
0051184,1,1,1,1,1,1,1,1,1,1,1,1,1,1,1,1,1
0051185,1,1,1,1,1,1,1,1,1,1,1,1,1,1,1,1,1
0051186,1,1,1,1,1,1,1,1,1,1,1,1,1,1,1,1,1
0051187,1,1,1,1,1,1,1,1,1,1,1,1,1,1,1,1,1
0051188,1,1,1,1,1,1,1,1,1,1,1,1,1,1,1,1,1
0051189,1,1,1,1,1,1,1,1,1,1,1,1,1,1,1,1,1
0051190,1,1,1,1,1,1,1,1,1,1,1,1,1,1,1,1,1
0051191,1,1,1,1,1,1,1,1,1,1,1,1,1,1,1,1,1
0051192,1,1,1,1,1,1,1,1,1,1,1,1,1,1,1,1,1
0051193,1,1,1,1,1,1,1,1,1,1,1,1,1,1,1,1,1
0051194,1,1,1,1,1,1,1,1,1,1,1,1,1,1,1,1,1
0051195,1,1,1,1,1,1,1,1,1,1,1,1,1,1,1,1,1
0051196,1,1,1,1,1,1,1,1,1,1,1,1,1,1,1,1,1
0051197,1,1,1,1,1,1,1,1,1,1,1,1,1,1,1,1,1
0051198,1,1,1,1,1,1,1,1,1,1,1,1,1,1,1,1,1
0051199,1,1,1,1,1,1,1,1,1,1,1,1,1,1,1,1,1
0050232,1,1,1,1,1,1,1,1,1,1,1,1,1,1,1,1,1
0050233,1,1,1,1,1,1,1,1,1,1,1,1,1,1,1,1,1
0050234,1,1,1,1,1,1,1,1,1,1,1,1,1,1,1,1,1
0050235,1,1,1,1,1,1,1,1,1,1,1,1,1,1,1,1,1
0050236,1,1,1,1,1,1,1,1,1,1,1,1,1,1,1,1,1
0050237,1,1,1,1,1,1,1,1,1,1,1,1,1,1,1,1,1
0050238,1,1,1,1,1,1,1,1,1,1,1,1,1,1,1,1,1
0050239,1,1,1,1,1,1,1,1,1,1,1,1,1,1,1,1,1
0050240,1,1,1,1,1,1,1,1,1,1,1,1,1,1,1,1,1
0050241,1,1,1,1,1,1,1,1,1,1,1,1,1,1,1,1,1
0050242,1,1,1,1,1,1,1,1,1,1,1,1,1,1,1,1,1
0050243,1,1,1,1,1,1,1,1,1,1,1,1,1,1,1,1,1
0050244,1,1,1,1,1,1,1,1,1,1,1,1,1,1,1,1,1
0050245,1,1,1,1,1,1,1,1,1,1,1,1,1,1,1,1,1
0050246,1,1,1,1,1,1,1,1,1,1,1,1,1,1,1,1,1
0050247,1,1,1,1,1,1,1,1,1,1,1,1,1,1,1,1,1
0050248,1,1,1,1,1,1,1,1,1,1,1,1,1,1,1,1,1
0050249,1,1,1,1,1,1,1,1,1,1,1,1,1,1,1,1,1
0050250,1,1,1,1,1,1,1,1,1,1,1,1,1,1,1,1,1
0050251,1,1,1,1,1,1,1,1,1,1,1,1,1,1,1,1,1
0050252,1,1,1,1,1,1,1,1,1,1,1,1,1,1,1,1,1
0050253,1,1,1,1,1,1,1,1,1,1,1,1,1,1,1,1,1
0050254,1,1,1,1,1,1,1,1,1,1,1,1,1,1,1,1,1
0050255,1,1,1,1,1,1,1,1,1,1,1,1,1,1,1,1,1
0050257,1,1,1,1,1,1,1,1,1,1,1,1,1,1,1,1,1
0050259,1,1,1,1,1,1,1,1,1,1,1,1,1,1,1,1,1
0050260,1,1,1,1,1,1,1,1,1,1,1,1,1,1,1,1,1
0050261,1,1,1,1,1,1,1,1,1,1,1,1,1,1,1,1,1
0050262,1,1,1,1,1,1,1,1,1,1,1,1,1,1,1,1,1
0050263,1,1,1,1,1,1,1,1,1,1,1,1,1,1,1,1,1
0050264,1,1,1,1,1,1,1,1,1,1,1,1,1,1,1,1,1
0050265,1,1,1,1,1,1,1,1,1,1,1,1,1,1,1,1,1
0050266,1,1,1,1,1,1,1,1,1,1,1,1,1,1,1,1,1
0050267,1,1,1,1,1,1,1,1,1,1,1,1,1,1,1,1,1
0050268,1,1,1,1,1,1,1,1,1,1,1,1,1,1,1,1,1
0050269,1,1,1,1,1,1,1,1,1,1,1,1,1,1,1,1,1
0050270,1,1,1,1,1,1,1,1,1,1,1,1,1,1,1,1,1
0050271,1,1,1,1,1,1,1,1,1,1,1,1,1,1,1,1,1
0051132,1,1,1,1,1,1,1,1,1,1,1,1,1,1,1,1,1
0051133,1,1,1,1,1,1,1,1,1,1,1,1,1,1,1,1,1
0051134,1,1,1,1,1,1,1,1,1,1,1,1,1,1,1,1,1
0051135,1,1,1,1,1,1,1,1,1,1,1,1,1,1,1,1,1
0051136,1,1,1,1,1,1,1,1,1,1,1,1,1,1,1,1,1
0051137,1,1,1,1,1,1,1,1,1,1,1,1,1,1,1,1,1
0051138,1,1,1,1,1,1,1,1,1,1,1,1,1,1,1,1,1
0051139,1,1,1,1,1,1,1,1,1,1,1,1,1,1,1,1,1
0051140,1,1,1,1,1,1,1,1,1,1,1,1,1,1,1,1,1
0051141,1,1,1,1,1,1,1,1,1,1,1,1,1,1,1,1,1
0051142,1,1,1,1,1,1,1,1,1,1,1,1,1,1,1,1,1
0051201,1,1,1,1,1,1,1,1,1,1,1,1,1,1,1,1,1
0051202,1,1,1,1,1,1,1,1,1,1,1,1,1,1,1,1,1
0051203,1,1,1,1,1,1,1,1,1,1,1,1,1,1,1,1,1
0051204,1,1,1,1,1,1,1,1,1,1,1,1,1,1,1,1,1
0051205,1,1,1,1,1,1,1,1,1,1,1,1,1,1,1,1,1
0051206,1,1,1,1,1,1,1,1,1,1,1,1,1,1,1,1,1
0051207,1,1,1,1,1,1,1,1,1,1,1,1,1,1,1,1,1
0051208,1,1,1,1,1,1,1,1,1,1,1,1,1,1,1,1,1
0051209,1,1,1,1,1,1,1,1,1,1,1,1,1,1,1,1,1
0051210,1,1,1,1,1,1,1,1,1,1,1,1,1,1,1,1,1
0051211,1,1,1,1,1,1,1,1,1,1,1,1,1,1,1,1,1
0051212,1,1,1,1,1,1,1,1,1,1,1,1,1,1,1,1,1
0051213,1,1,1,1,1,1,1,1,1,1,1,1,1,1,1,1,1
0051214,1,1,1,1,1,1,1,1,1,1,1,1,1,1,1,1,1
0051215,1,1,1,1,1,1,1,1,1,1,1,1,1,1,1,1,1
0051216,1,1,1,1,1,1,1,1,1,1,1,1,1,1,1,1,1
0051217,1,1,1,1,1,1,1,1,1,1,1,1,1,1,1,1,1
0051218,1,1,1,1,1,1,1,1,1,1,1,1,1,1,1,1,1
0051219,1,1,1,1,1,1,1,1,1,1,1,1,1,1,1,1,1
0051220,1,1,1,1,1,1,1,1,1,1,1,1,1,1,1,1,1
0051221,1,1,1,1,1,1,1,1,1,1,1,1,1,1,1,1,1
0051222,1,1,1,1,1,1,1,1,1,1,1,1,1,1,1,1,1
0051223,1,1,1,1,1,1,1,1,1,1,1,1,1,1,1,1,1
0051224,1,1,1,1,1,1,1,1,1,1,1,1,1,1,1,1,1
0051225,1,1,1,1,1,1,1,1,1,1,1,1,1,1,1,1,1
0051226,1,1,1,1,1,1,1,1,1,1,1,1,1,1,1,1,1
0051227,1,1,1,1,1,1,1,1,1,1,1,1,1,1,1,1,1
0051228,1,1,1,1,1,1,1,1,1,1,1,1,1,1,1,1,1
0051229,1,1,1,1,1,1,1,1,1,1,1,1,1,1,1,1,1
0051230,1,1,1,1,1,1,1,1,1,1,1,1,1,1,1,1,1
0051231,1,1,1,1,1,1,1,1,1,1,1,1,1,1,1,1,1
0051234,1,1,1,1,1,1,1,1,1,1,1,1,1,1,1,1,1
0051235,1,1,1,1,1,1,1,1,1,1,1,1,1,1,1,1,1
0051236,1,1,1,1,1,1,1,1,1,1,1,1,1,1,1,1,1
0051237,1,1,1,1,1,1,1,1,1,1,1,1,1,1,1,1,1
0051238,1,1,1,1,1,1,1,1,1,1,1,1,1,1,1,1,1
0051239,1,1,1,1,1,1,1,1,1,1,1,1,1,1,1,1,1
0051240,1,1,1,1,1,1,1,1,1,1,1,1,1,1,1,1,1
0051241,1,1,1,1,1,1,1,1,1,1,1,1,1,1,1,1,1
0051248,1,1,1,1,1,1,1,1,1,1,1,1,1,1,1,1,1
0051249,1,1,1,1,1,1,1,1,1,1,1,1,1,1,1,1,1
0051250,1,1,1,1,1,1,1,1,1,1,1,1,1,1,1,1,1
0051251,1,1,1,1,1,1,1,1,1,1,1,1,1,1,1,1,1
0051252,1,1,1,1,1,1,1,1,1,1,1,1,1,1,1,1,1
0051253,1,1,1,1,1,1,1,1,1,1,1,1,1,1,1,1,1
0051254,1,1,1,1,1,1,1,1,1,1,1,1,1,1,1,1,1
0051255,1,1,1,1,1,1,1,1,1,1,1,1,1,1,1,1,1
0051256,1,1,1,1,1,1,1,1,1,1,1,1,1,1,1,1,1
0051257,1,1,1,1,1,1,1,1,1,1,1,1,1,1,1,1,1
0051258,1,1,1,1,1,1,1,1,1,1,1,1,1,1,1,1,1
0051259,1,1,1,1,1,1,1,1,1,1,1,1,1,1,1,1,1
0051260,1,1,1,1,1,1,1,1,1,1,1,1,1,1,1,1,1
0051261,1,1,1,1,1,1,1,1,1,1,1,1,1,1,1,1,1
0051262,1,1,1,1,1,1,1,1,1,1,1,1,1,1,1,1,1
0051263,1,1,1,1,1,1,1,1,1,1,1,1,1,1,1,1,1
0051264,1,1,1,1,1,1,1,1,1,1,1,1,1,1,1,1,1
0051265,1,1,1,1,1,1,1,1,1,1,1,1,1,1,1,1,1
0051266,1,1,1,1,1,1,1,1,1,1,1,1,1,1,1,1,1
0051267,1,1,1,1,1,1,1,1,1,1,1,1,1,1,1,1,1
0051268,1,1,1,1,1,1,1,1,1,1,1,1,1,1,1,1,1
0051269,1,1,1,1,1,1,1,1,1,1,1,1,1,1,1,1,1
0051271,1,1,1,1,1,1,1,1,1,1,1,1,1,1,1,1,1
0051272,1,1,1,1,1,1,1,1,1,1,1,1,1,1,1,1,1
0051273,1,1,1,1,1,1,1,1,1,1,1,1,1,1,1,1,1
0051274,1,1,1,1,1,1,1,1,1,1,1,1,1,1,1,1,1
0051275,0,1,1,1,1,0,0,1,1,0,0,0,1,1,1,1,0
0051276,1,1,1,1,1,1,1,1,1,1,1,1,1,1,1,1,1
0051277,1,1,1,1,1,1,1,1,1,1,1,1,1,1,1,1,1
0051278,1,1,1,1,1,1,1,1,1,1,1,1,1,1,1,1,1
0051279,1,1,1,1,1,1,1,1,1,1,1,1,1,1,1,1,1
0051280,1,1,1,1,1,1,1,1,1,1,1,1,1,1,1,1,1
0051281,1,1,1,1,1,1,1,1,1,1,1,1,1,1,1,1,1
0051282,1,1,1,1,1,1,1,1,1,1,1,1,1,1,1,1,1
0051291,1,1,1,1,1,1,1,1,1,1,1,1,1,1,1,1,1
0051292,1,1,1,1,1,1,1,1,1,1,1,1,1,1,1,1,1
0051293,1,1,1,1,1,1,1,1,1,1,1,1,1,1,1,1,1
0051294,1,1,1,1,1,1,1,1,1,1,1,1,1,1,1,1,1
0051295,1,1,1,1,1,1,1,1,1,1,1,1,1,1,1,1,1
0051296,1,1,1,1,1,1,1,1,1,1,1,1,1,1,1,1,1
0051297,1,1,1,1,1,1,1,1,1,1,1,1,1,1,1,1,1
0051298,1,1,1,1,1,1,1,1,1,1,1,1,1,1,1,1,1
0051299,1,1,1,1,1,1,1,1,1,1,1,1,1,1,1,1,1
0051300,1,1,1,1,1,1,1,1,1,1,1,1,1,1,1,1,1
0051301,1,1,1,1,1,1,1,1,1,1,1,1,1,1,1,1,1
0051302,1,1,1,1,1,1,1,1,1,1,1,1,1,1,1,1,1
0051303,1,1,1,1,1,1,1,1,1,1,1,1,1,1,1,1,1
0051304,1,1,1,1,1,1,1,1,1,1,1,1,1,1,1,1,1
0051305,1,1,1,1,1,1,1,1,1,1,1,1,1,1,1,1,1
0051306,1,1,1,1,1,1,1,1,1,1,1,1,1,1,1,1,1
0051307,1,1,1,1,1,1,1,1,1,1,1,1,1,1,1,1,1
0051308,1,1,1,1,1,1,1,1,1,1,1,1,1,1,1,1,1
0051309,1,1,1,1,1,1,1,1,1,1,1,1,1,1,1,1,1
0051311,1,1,1,1,1,1,1,1,1,1,1,1,1,1,1,1,1
0051312,1,1,1,1,1,1,1,1,1,1,1,1,1,1,1,1,1
0051316,1,1,1,1,1,1,1,1,1,1,1,1,1,1,1,1,1
0051313,1,1,1,1,1,1,1,1,1,1,1,1,1,1,1,1,1
0051317,1,1,1,1,1,1,1,1,1,1,1,1,1,1,1,1,1
0051314,1,1,1,1,1,1,1,1,1,1,1,1,1,1,1,1,1
0051315,1,1,1,1,1,1,1,1,1,1,1,1,1,1,1,1,1
0050272,1,1,1,1,1,1,1,1,1,1,1,1,1,1,1,1,1
0050273,1,1,1,1,1,1,1,1,1,1,1,1,1,1,1,1,1
0050274,1,1,1,1,1,1,1,1,1,1,1,1,1,1,1,1,1
0050275,1,1,1,1,1,1,1,1,1,1,1,1,1,1,1,1,1
0050276,1,1,1,1,1,1,1,1,1,1,1,1,1,1,1,1,1
0050277,1,1,1,1,1,1,1,1,1,1,1,1,1,1,1,1,1
0050278,1,1,1,1,1,1,1,1,1,1,1,1,1,1,1,1,1
0050279,1,1,1,1,1,1,1,1,1,1,1,1,1,1,1,1,1
0050280,1,1,1,1,1,1,1,1,1,1,1,1,1,1,1,1,1
0050281,1,1,1,1,1,1,1,1,1,1,1,1,1,1,1,1,1
0050282,1,1,1,1,1,1,1,1,1,1,1,1,1,1,1,1,1
0050283,1,1,1,1,1,1,1,1,1,1,1,1,1,1,1,1,1
0050284,1,1,1,1,1,1,1,1,1,1,1,1,1,1,1,1,1
0050285,1,1,1,1,1,1,1,1,1,1,1,1,1,1,1,1,1
0050286,1,1,1,1,1,1,1,1,1,1,1,1,1,1,1,1,1
0050287,1,1,1,1,1,1,1,1,1,1,1,1,1,1,1,1,1
0050288,1,1,1,1,1,1,1,1,1,1,1,1,1,1,1,1,1
0050289,1,1,1,1,1,1,1,1,1,1,1,1,1,1,1,1,1
0050290,1,1,1,1,1,1,1,1,1,1,1,1,1,1,1,1,1
0050291,1,1,1,1,1,1,1,1,1,1,1,1,1,1,1,1,1
0050292,1,1,1,1,1,1,1,1,1,1,1,1,1,1,1,1,1
0050293,1,1,1,1,1,1,1,1,1,1,1,1,1,1,1,1,1
0050294,1,1,1,1,1,1,1,1,1,1,1,1,1,1,1,1,1
0050295,1,1,1,1,1,1,1,1,1,1,1,1,1,1,1,1,1
0050296,1,1,1,1,1,1,1,1,1,1,1,1,1,1,1,1,1
0050297,1,1,1,1,1,1,1,1,1,1,1,1,1,1,1,1,1
0050298,1,1,1,1,1,1,1,1,1,1,1,1,1,1,1,1,1
0050299,1,1,1,1,1,1,1,1,1,1,1,1,1,1,1,1,1
0050300,1,1,1,1,1,1,1,1,1,1,1,1,1,1,1,1,1
0050301,1,1,1,1,1,1,1,1,1,1,1,1,1,1,1,1,1
0050302,1,1,1,1,1,1,1,1,1,1,1,1,1,1,1,1,1
0050303,1,1,1,1,1,1,1,1,1,1,1,1,1,1,1,1,1
0050304,1,1,1,1,1,1,1,1,1,1,1,1,1,1,1,1,1
0050305,1,1,1,1,1,1,1,1,1,1,1,1,1,1,1,1,1
0050306,1,1,1,1,1,1,1,1,1,1,1,1,1,1,1,1,1
0050307,1,1,1,1,1,1,1,1,1,1,1,1,1,1,1,1,1
0050308,1,1,1,1,1,1,1,1,1,1,1,1,1,1,1,1,1
0050309,1,1,1,1,1,1,1,1,1,1,1,1,1,1,1,1,1
0050310,1,1,1,1,1,1,1,1,1,1,1,1,1,1,1,1,1
0050311,1,1,1,1,1,1,1,1,1,1,1,1,1,1,1,1,1
0050312,1,1,1,1,1,1,1,1,1,1,1,1,1,1,1,1,1
0050313,1,1,1,1,1,1,1,1,1,1,1,1,1,1,1,1,1
0050314,1,1,1,1,1,1,1,1,1,1,1,1,1,1,1,1,1
0050315,1,1,1,1,1,1,1,1,1,1,1,1,1,1,1,1,1
0050316,1,1,1,1,1,1,1,1,1,1,1,1,1,1,1,1,1
0050317,1,1,1,1,1,1,1,1,1,1,1,1,1,1,1,1,1
0050318,1,1,1,1,1,1,1,1,1,1,1,1,1,1,1,1,1
0050319,1,1,1,1,1,1,1,1,1,1,1,1,1,1,1,1,1
0050320,1,1,1,1,1,1,1,1,1,1,1,1,1,1,1,1,1
0050321,1,1,1,1,1,1,1,1,1,1,1,1,1,1,1,1,1
0050322,1,1,1,1,1,1,1,1,1,1,1,1,1,1,1,1,1
0050323,1,1,1,1,1,1,1,1,1,1,1,1,1,1,1,1,1
0050324,1,1,1,1,1,1,1,1,1,1,1,1,1,1,1,1,1
0050325,1,1,1,1,1,1,1,1,1,1,1,1,1,1,1,1,1
0050326,1,1,1,1,1,1,1,1,1,1,1,1,1,1,1,1,1
0050327,1,1,1,1,1,1,1,1,1,1,1,1,1,1,1,1,1
0050328,1,1,1,1,1,1,1,1,1,1,1,1,1,1,1,1,1
0050329,1,1,1,1,1,1,1,1,1,1,1,1,1,1,1,1,1
0050330,1,1,1,1,1,1,1,1,1,1,1,1,1,1,1,1,1
0050331,1,1,1,1,1,1,1,1,1,1,1,1,1,1,1,1,1
0050332,1,1,1,1,1,1,1,1,1,1,1,1,1,1,1,1,1
0050333,1,1,1,1,1,1,1,1,1,1,1,1,1,1,1,1,1
0050334,1,1,1,1,1,1,1,1,1,1,1,1,1,1,1,1,1
0050335,1,1,1,1,1,1,1,1,1,1,1,1,1,1,1,1,1
0050336,1,1,1,1,1,1,1,1,1,1,1,1,1,1,1,1,1
0050337,1,1,1,1,1,1,1,1,1,1,1,1,1,1,1,1,1
0050338,1,1,1,1,1,1,1,1,1,1,1,1,1,1,1,1,1
0050339,1,1,1,1,1,1,1,1,1,1,1,1,1,1,1,1,1
0050340,1,1,1,1,1,1,1,1,1,1,1,1,1,1,1,1,1
0050341,1,1,1,1,1,1,1,1,1,1,1,1,1,1,1,1,1
0050342,1,1,1,1,1,1,1,1,1,1,1,1,1,1,1,1,1
0050343,1,1,1,1,1,1,1,1,1,1,1,1,1,1,1,1,1
0050344,1,1,1,1,1,1,1,1,1,1,1,1,1,1,1,1,1
0050345,1,1,1,1,1,1,1,1,1,1,1,1,1,1,1,1,1
0050346,1,1,1,1,1,1,1,1,1,1,1,1,1,1,1,1,1
0050347,1,1,1,1,1,1,1,1,1,1,1,1,1,1,1,1,1
0050348,1,1,1,1,1,1,1,1,1,1,1,1,1,1,1,1,1
0050349,1,1,1,1,1,1,1,1,1,1,1,1,1,1,1,1,1
0050350,1,1,1,1,1,1,1,1,1,1,1,1,1,1,1,1,1
0050351,1,1,1,1,1,1,1,1,1,1,1,1,1,1,1,1,1
0050352,1,1,1,1,1,1,1,1,1,1,1,1,1,1,1,1,1
0050353,1,1,1,1,1,1,1,1,1,1,1,1,1,1,1,1,1
0050354,1,1,1,1,1,1,1,1,1,1,1,1,1,1,1,1,1
0050355,1,1,1,1,1,1,1,1,1,1,1,1,1,1,1,1,1
0050356,1,1,1,1,1,1,1,1,1,1,1,1,1,1,1,1,1
0050357,1,1,1,1,1,1,1,1,1,1,1,1,1,1,1,1,1
0050358,1,1,1,1,1,1,1,1,1,1,1,1,1,1,1,1,1
0050359,1,1,1,1,1,1,1,1,1,1,1,1,1,1,1,1,1
0050360,1,1,1,1,1,1,1,1,1,1,1,1,1,1,1,1,1
0050361,1,1,1,1,1,1,1,1,1,1,1,1,1,1,1,1,1
0050362,1,1,1,1,1,1,1,1,1,1,1,1,1,1,1,1,1
0050363,1,1,1,1,1,1,1,1,1,1,1,1,1,1,1,1,1
0050364,1,1,1,1,1,1,1,1,1,1,1,1,1,1,1,1,1
0050365,1,1,1,1,1,1,1,1,1,1,1,1,1,1,1,1,1
0050366,1,1,1,1,1,1,1,1,1,1,1,1,1,1,1,1,1
0050367,1,1,1,1,1,1,1,1,1,1,1,1,1,1,1,1,1
0050368,1,1,1,1,1,1,1,1,1,1,1,1,1,1,1,1,1
0050369,1,1,1,1,1,1,1,1,1,1,1,1,1,1,1,1,1
0050370,1,1,1,1,1,1,1,1,1,1,1,1,1,1,1,1,1
0050371,1,1,1,1,1,1,1,1,1,1,1,1,1,1,1,1,1
0050372,1,1,1,1,1,1,1,1,1,1,1,1,1,1,1,1,1
0050373,1,1,1,1,1,1,1,1,1,1,1,1,1,1,1,1,1
0050374,1,1,1,1,1,1,1,1,1,1,1,1,1,1,1,1,1
0050375,1,1,1,1,1,1,1,1,1,1,1,1,1,1,1,1,1
0050376,1,1,1,1,1,1,1,1,1,1,1,1,1,1,1,1,1
0050377,1,1,1,1,1,1,1,1,1,1,1,1,1,1,1,1,1
0050378,1,1,1,1,1,1,1,1,1,1,1,1,1,1,1,1,1
0050379,1,1,1,1,1,1,1,1,1,1,1,1,1,1,1,1,1
0050380,1,1,1,1,1,1,1,1,1,1,1,1,1,1,1,1,1
0050381,1,1,1,1,1,1,1,1,1,1,1,1,1,1,1,1,1
0050382,1,1,1,1,1,1,1,1,1,1,1,1,1,1,1,1,1
0050383,1,1,1,1,1,1,1,1,1,1,1,1,1,1,1,1,1
0050385,1,1,1,1,1,1,1,1,1,1,1,1,1,1,1,1,1
0050386,1,1,1,1,1,1,1,1,1,1,1,1,1,1,1,1,1
0050387,1,1,1,1,1,1,1,1,1,1,1,1,1,1,1,1,1
0050388,1,1,1,1,1,1,1,1,1,1,1,1,1,1,1,1,1
0050390,1,1,1,1,1,1,1,1,1,1,1,1,1,1,1,1,1
0050391,1,1,1,1,1,1,1,1,1,1,1,1,1,1,1,1,1
0050397,1,1,1,1,1,1,1,1,1,1,1,1,1,1,1,1,1
0050399,1,1,1,1,1,1,1,1,1,1,1,1,1,1,1,1,1
0050402,1,1,1,1,1,1,1,1,1,1,1,1,1,1,1,1,1
0050403,1,1,1,1,1,1,1,1,1,1,1,1,1,1,1,1,1
0050404,1,1,1,1,1,1,1,1,1,1,1,1,1,1,1,1,1
0050405,1,1,1,1,1,1,1,1,1,1,1,1,1,1,1,1,1
0050406,1,1,1,1,1,1,1,1,1,1,1,1,1,1,1,1,1
0050407,1,1,1,1,1,1,1,1,1,1,1,1,1,1,1,1,1
0050408,1,1,1,1,1,1,1,1,1,1,1,1,1,1,1,1,1
0050410,1,1,1,1,1,1,1,1,1,1,1,1,1,1,1,1,1
0050411,1,1,1,1,1,1,1,1,1,1,1,1,1,1,1,1,1
0050412,1,1,1,1,1,1,1,1,1,1,1,1,1,1,1,1,1
0050413,1,1,1,1,1,1,1,1,1,1,1,1,1,1,1,1,1
0050414,1,1,1,1,1,1,1,1,1,1,1,1,1,1,1,1,1
0050415,1,1,1,1,1,1,1,1,1,1,1,1,1,1,1,1,1
0050416,1,1,1,1,1,1,1,1,1,1,1,1,1,1,1,1,1
0050417,1,1,1,1,1,1,1,1,1,1,1,1,1,1,1,1,1
0050418,1,1,1,1,1,1,1,1,1,1,1,1,1,1,1,1,1
0050419,1,1,1,1,1,1,1,1,1,1,1,1,1,1,1,1,1
0050421,1,1,1,1,1,1,1,1,1,1,1,1,1,1,1,1,1
0050422,1,1,1,1,1,1,1,1,1,1,1,1,1,1,1,1,1
0050423,1,1,1,1,1,1,1,1,1,1,1,1,1,1,1,1,1
0050424,1,1,1,1,1,1,1,1,1,1,1,1,1,1,1,1,1
0050425,1,1,1,1,1,1,1,1,1,1,1,1,1,1,1,1,1
0050426,1,1,1,1,1,1,1,1,1,1,1,1,1,1,1,1,1
0050427,1,1,1,1,1,1,1,1,1,1,1,1,1,1,1,1,1
0050428,1,1,1,1,1,1,1,1,1,1,1,1,1,1,1,1,1
0050532,1,1,1,1,1,1,1,1,1,1,1,1,1,1,1,1,1
0050529,1,1,1,1,1,1,1,1,1,1,1,1,1,1,1,1,1
0050530,1,1,1,1,1,1,1,1,1,1,1,1,1,1,1,1,1
0050526,1,1,1,1,1,1,1,1,1,1,1,1,1,1,1,1,1
0050527,1,1,1,1,1,1,1,1,1,1,1,1,1,1,1,1,1
0050531,1,1,1,1,1,1,1,1,1,1,1,1,1,1,1,1,1
0050522,1,1,1,1,1,1,1,1,1,1,1,1,1,1,1,1,1
0050523,1,1,1,1,1,1,1,1,1,1,1,1,1,1,1,1,1
0050518,1,1,1,1,1,1,1,1,1,1,1,1,1,1,1,1,1
0050519,1,1,1,1,1,1,1,1,1,1,1,1,1,1,1,1,1
0050514,1,1,1,1,1,1,1,1,1,1,1,1,1,1,1,1,1
0050515,1,1,1,1,1,1,1,1,1,1,1,1,1,1,1,1,1
0050510,1,1,1,1,1,1,1,1,1,1,1,1,1,1,1,1,1
0050511,1,1,1,1,1,1,1,1,1,1,1,1,1,1,1,1,1
0050506,1,1,1,1,1,1,1,1,1,1,1,1,1,1,1,1,1
0050507,1,1,1,1,1,1,1,1,1,1,1,1,1,1,1,1,1
0050509,1,1,1,1,1,1,1,1,1,1,1,1,1,1,1,1,1
0050501,1,1,1,1,1,1,1,1,1,1,1,1,1,1,1,1,1
0050502,1,1,1,1,1,1,1,1,1,1,1,1,1,1,1,1,1
0050512,1,1,1,1,1,1,1,1,1,1,1,1,1,1,1,1,1
0050496,1,1,1,1,1,1,1,1,1,1,1,1,1,1,1,1,1
0050497,1,1,1,1,1,1,1,1,1,1,1,1,1,1,1,1,1
0050513,1,1,1,1,1,1,1,1,1,1,1,1,1,1,1,1,1
0050491,1,1,1,1,1,1,1,1,1,1,1,1,1,1,1,1,1
0050492,1,1,1,1,1,1,1,1,1,1,1,1,1,1,1,1,1
0050498,1,1,1,1,1,1,1,1,1,1,1,1,1,1,1,1,1
0050516,1,1,1,1,1,1,1,1,1,1,1,1,1,1,1,1,1
0050485,1,1,1,1,1,1,1,1,1,1,1,1,1,1,1,1,1
0050486,1,1,1,1,1,1,1,1,1,1,1,1,1,1,1,1,1
0050488,1,1,1,1,1,1,1,1,1,1,1,1,1,1,1,1,1
0050499,1,1,1,1,1,1,1,1,1,1,1,1,1,1,1,1,1
0050517,1,1,1,1,1,1,1,1,1,1,1,1,1,1,1,1,1
0050478,1,1,1,1,1,1,1,1,1,1,1,1,1,1,1,1,1
0050479,1,1,1,1,1,1,1,1,1,1,1,1,1,1,1,1,1
0050481,1,1,1,1,1,1,1,1,1,1,1,1,1,1,1,1,1
0050489,1,1,1,1,1,1,1,1,1,1,1,1,1,1,1,1,1
0050500,1,1,1,1,1,1,1,1,1,1,1,1,1,1,1,1,1
0050520,1,1,1,1,1,1,1,1,1,1,1,1,1,1,1,1,1
0050470,1,1,1,1,1,1,1,1,1,1,1,1,1,1,1,1,1
0050471,1,1,1,1,1,1,1,1,1,1,1,1,1,1,1,1,1
0050475,1,1,1,1,1,1,1,1,1,1,1,1,1,1,1,1,1
0050482,1,1,1,1,1,1,1,1,1,1,1,1,1,1,1,1,1
0050490,1,1,1,1,1,1,1,1,1,1,1,1,1,1,1,1,1
0050503,1,1,1,1,1,1,1,1,1,1,1,1,1,1,1,1,1
0050521,1,1,1,1,1,1,1,1,1,1,1,1,1,1,1,1,1
0050461,1,1,1,1,1,1,1,1,1,1,1,1,1,1,1,1,1
0050462,1,1,1,1,1,1,1,1,1,1,1,1,1,1,1,1,1
0050464,1,1,1,1,1,1,1,1,1,1,1,1,1,1,1,1,1
0050467,1,1,1,1,1,1,1,1,1,1,1,1,1,1,1,1,1
0050472,1,1,1,1,1,1,1,1,1,1,1,1,1,1,1,1,1
0050476,1,1,1,1,1,1,1,1,1,1,1,1,1,1,1,1,1
0050483,1,1,1,1,1,1,1,1,1,1,1,1,1,1,1,1,1
0050493,1,1,1,1,1,1,1,1,1,1,1,1,1,1,1,1,1
0050504,1,1,1,1,1,1,1,1,1,1,1,1,1,1,1,1,1
0050524,1,1,1,1,1,1,1,1,1,1,1,1,1,1,1,1,1
0050449,1,1,1,1,1,1,1,1,1,1,1,1,1,1,1,1,1
0050450,1,1,1,1,1,1,1,1,1,1,1,1,1,1,1,1,1
0050452,1,1,1,1,1,1,1,1,1,1,1,1,1,1,1,1,1
0050454,1,1,1,1,1,1,1,1,1,1,1,1,1,1,1,1,1
0050456,1,1,1,1,1,1,1,1,1,1,1,1,1,1,1,1,1
0050458,1,1,1,1,1,1,1,1,1,1,1,1,1,1,1,1,1
0050460,1,1,1,1,1,1,1,1,1,1,1,1,1,1,1,1,1
0050465,1,1,1,1,1,1,1,1,1,1,1,1,1,1,1,1,1
0050468,1,1,1,1,1,1,1,1,1,1,1,1,1,1,1,1,1
0050473,1,1,1,1,1,1,1,1,1,1,1,1,1,1,1,1,1
0050477,1,1,1,1,1,1,1,1,1,1,1,1,1,1,1,1,1
0050484,1,1,1,1,1,1,1,1,1,1,1,1,1,1,1,1,1
0050494,1,1,1,1,1,1,1,1,1,1,1,1,1,1,1,1,1
0050505,1,1,1,1,1,1,1,1,1,1,1,1,1,1,1,1,1
0050525,1,1,1,1,1,1,1,1,1,1,1,1,1,1,1,1,1
0050432,1,1,1,1,1,1,1,1,1,1,1,1,1,1,1,1,1
0050433,1,1,1,1,1,1,1,1,1,1,1,1,1,1,1,1,1
0050434,1,1,1,1,1,1,1,1,1,1,1,1,1,1,1,1,1
0050435,1,1,1,1,1,1,1,1,1,1,1,1,1,1,1,1,1
0050436,1,1,1,1,1,1,1,1,1,1,1,1,1,1,1,1,1
0050437,1,1,1,1,1,1,1,1,1,1,1,1,1,1,1,1,1
0050438,1,1,1,1,1,1,1,1,1,1,1,1,1,1,1,1,1
0050439,1,1,1,1,1,1,1,1,1,1,1,1,1,1,1,1,1
0050440,1,1,1,1,1,1,1,1,1,1,1,1,1,1,1,1,1
0050441,1,1,1,1,1,1,1,1,1,1,1,1,1,1,1,1,1
0050442,1,1,1,1,1,1,1,1,1,1,1,1,1,1,1,1,1
0050443,1,1,1,1,1,1,1,1,1,1,1,1,1,1,1,1,1
0050444,1,1,1,1,1,1,1,1,1,1,1,1,1,1,1,1,1
0050445,1,1,1,1,1,1,1,1,1,1,1,1,1,1,1,1,1
0050446,1,1,1,1,1,1,1,1,1,1,1,1,1,1,1,1,1
0050447,1,1,1,1,1,1,1,1,1,1,1,1,1,1,1,1,1
0050448,1,1,1,1,1,1,1,1,1,1,1,1,1,1,1,1,1
0050451,1,1,1,1,1,1,1,1,1,1,1,1,1,1,1,1,1
0050453,1,1,1,1,1,1,1,1,1,1,1,1,1,1,1,1,1
0050455,1,1,1,1,1,1,1,1,1,1,1,1,1,1,1,1,1
0050457,1,1,1,1,1,1,1,1,1,1,1,1,1,1,1,1,1
0050459,1,1,1,1,1,1,1,1,1,1,1,1,1,1,1,1,1
0050463,1,1,1,1,1,1,1,1,1,1,1,1,1,1,1,1,1
0050466,1,1,1,1,1,1,1,1,1,1,1,1,1,1,1,1,1
0050469,1,1,1,1,1,1,1,1,1,1,1,1,1,1,1,1,1
0050474,1,1,1,1,1,1,1,1,1,1,1,1,1,1,1,1,1
0050480,1,1,1,1,1,1,1,1,1,1,1,1,1,1,1,1,1
0050487,1,1,1,1,1,1,1,1,1,1,1,1,1,1,1,1,1
0050495,1,1,1,1,1,1,1,1,1,1,1,1,1,1,1,1,1
0050508,1,1,1,1,1,1,1,1,1,1,1,1,1,1,1,1,1
0050528,1,1,1,1,1,1,1,1,1,1,1,1,1,1,1,1,1
0050551,1,1,1,1,1,1,1,1,1,1,1,1,1,1,1,1,1
0050552,1,1,1,1,1,1,1,1,1,1,1,1,1,1,1,1,1
0050553,1,1,1,1,1,1,1,1,1,1,1,1,1,1,1,1,1
0050554,1,1,1,1,1,1,1,1,1,1,1,1,1,1,1,1,1
0050555,1,1,1,1,1,1,1,1,1,1,1,1,1,1,1,1,1
0050556,1,1,1,1,1,1,1,1,1,1,1,1,1,1,1,1,1
0050557,1,1,1,1,1,1,1,1,1,1,1,1,1,1,1,1,1
0050558,1,1,1,1,1,1,1,1,1,1,1,1,1,1,1,1,1
0050559,1,1,1,1,1,1,1,1,1,1,1,1,1,1,1,1,1
0050560,1,1,1,1,1,1,1,1,1,1,1,1,1,1,1,1,1
0050561,1,1,1,1,1,1,1,1,1,1,1,1,1,1,1,1,1
0050562,1,1,1,1,1,1,1,1,1,1,1,1,1,1,1,1,1
0050563,1,1,1,1,1,1,1,1,1,1,1,1,1,1,1,1,1
0050564,1,1,1,1,1,1,1,1,1,1,1,1,1,1,1,1,1
0050565,1,1,1,1,1,1,1,1,1,1,1,1,1,1,1,1,1
0050566,1,1,1,1,1,1,1,1,1,1,1,1,1,1,1,1,1
0050567,1,1,1,1,1,1,1,1,1,1,1,1,1,1,1,1,1
0050568,1,1,1,1,1,1,1,1,1,1,1,1,1,1,1,1,1
0050569,1,1,1,1,1,1,1,1,1,1,1,1,1,1,1,1,1
0050570,1,1,1,1,1,1,1,1,1,1,1,1,1,1,1,1,1
0050571,1,1,1,1,1,1,1,1,1,1,1,1,1,1,1,1,1
0050572,1,1,1,1,1,1,1,1,1,1,1,1,1,1,1,1,1
0050573,1,1,1,1,1,1,1,1,1,1,1,1,1,1,1,1,1
0050574,1,1,1,1,1,1,1,1,1,1,1,1,1,1,1,1,1
0050575,1,1,1,1,1,1,1,1,1,1,1,1,1,1,1,1,1
0050576,1,1,1,1,1,1,1,1,1,1,1,1,1,1,1,1,1
0050577,1,1,1,1,1,1,1,1,1,1,1,1,1,1,1,1,1
0050578,1,1,1,1,1,1,1,1,1,1,1,1,1,1,1,1,1
0050601,1,1,1,1,1,1,1,1,1,1,1,1,1,1,1,1,1
0050602,1,1,1,1,1,1,1,1,1,1,1,1,1,1,1,1,1
0050603,1,1,1,1,1,1,1,1,1,1,1,1,1,1,1,1,1
0050604,1,1,1,1,1,1,1,1,1,1,1,1,1,1,1,1,1
0050605,1,1,1,1,1,1,1,1,1,1,1,1,1,1,1,1,1
0050606,1,1,1,1,1,1,1,1,1,1,1,1,1,1,1,1,1
0050607,1,1,1,1,1,1,1,1,1,1,1,1,1,1,1,1,1
0050608,1,1,1,1,1,1,1,1,1,1,1,1,1,1,1,1,1
0050609,1,1,1,1,1,1,1,1,1,1,1,1,1,1,1,1,1
0050610,1,1,1,1,1,1,1,1,1,1,1,1,1,1,1,1,1
0050611,1,1,1,1,1,1,1,1,1,1,1,1,1,1,1,1,1
0050612,1,1,1,1,1,1,1,1,1,1,1,1,1,1,1,1,1
0050613,1,1,1,1,1,1,1,1,1,1,1,1,1,1,1,1,1
0050614,1,1,1,1,1,1,1,1,1,1,1,1,1,1,1,1,1
0050615,1,1,1,1,1,1,1,1,1,1,1,1,1,1,1,1,1
0050616,1,1,1,1,1,1,1,1,1,1,1,1,1,1,1,1,1
0050617,1,1,1,1,1,1,1,1,1,1,1,1,1,1,1,1,1
0050618,1,1,1,1,1,1,1,1,1,1,1,1,1,1,1,1,1
0050619,1,1,1,1,1,1,1,1,1,1,1,1,1,1,1,1,1
0050620,1,1,1,1,1,1,1,1,1,1,1,1,1,1,1,1,1
0050621,1,1,1,1,1,1,1,1,1,1,1,1,1,1,1,1,1
0050622,1,1,1,1,1,1,1,1,1,1,1,1,1,1,1,1,1
0050623,1,1,1,1,1,1,1,1,1,1,1,1,1,1,1,1,1
0050624,1,1,1,1,1,1,1,1,1,1,1,1,1,1,1,1,1
0050625,1,1,1,1,1,1,1,1,1,1,1,1,1,1,1,1,1
0050626,1,1,1,1,1,1,1,1,1,1,1,1,1,1,1,1,1
0050627,1,1,1,1,1,1,1,1,1,1,1,1,1,1,1,1,1
0050628,1,1,1,1,1,1,1,1,1,1,1,1,1,1,1,1,1
